num_polygons,time,size,algorithm
100, 0.007863, 569734, polar
100, 0.025077, 459095, spacePartition
200, 0.001737, 1091358, polar
200, 0.037603, 987958, spacePartition
300, 0.006704, 1788117, polar
300, 0.058016, 1503084, spacePartition
